,mean,std,min,25%,50%,75%,max,skewness
PM2.5,58.63164383561644,65.13947814172359,5.0,16.1075,33.769999999999996,76.24000000000001,450.0,2.300427830741705
PM10,119.51275342465753,113.6032712652198,10.0,43.59,75.74000000000001,152.335,600.0,1.9915178695512945
NO2,31.486003424657536,25.04359275369663,5.0,15.137500000000001,24.76,40.585,220.0,2.464838035813059
SO2,18.15366780821918,11.784891364803666,2.0,9.1475,15.515,24.4325,79.88,1.2159432286595155
CO,0.9395993150684931,0.8316056426649425,0.1,0.41,0.71,1.2,9.37,2.761947396202339
O3,25.590558219178085,18.449464256258523,5.0,9.045,22.229999999999997,36.42,125.67,1.0718931666800424
Temperature,25.935068493150684,8.63205560865636,5.0,19.3,26.8,32.5,47.4,-0.23110241844954446
Humidity,62.51273972602739,18.035388740766184,15.0,47.9,62.7,77.4,98.0,-0.08319544461926101
Wind_Speed,12.020753424657533,4.717320005150386,1.5,8.4,12.149999999999999,15.6,24.1,-0.08894671132167158
AQI,129.75811643835615,109.90645389741384,17.4,55.475,84.0,155.1,500.0,1.4966477770022177
